insert into users (id, is_moderator, reg_time, name, email, password, code, photo) values (1, 1, '2021-09-18 22:01:33', 'Rhetta', 'rmurton0@boston.com', 'Khscxf', null, null);
insert into users (id, is_moderator, reg_time, name, email, password, code, photo) values (2, 1, '2021-05-24 20:48:52', 'Pearline', 'pballston1@bloglines.com', 'UcLiSmnX', null, null);
insert into users (id, is_moderator, reg_time, name, email, password, code, photo) values (3, 1, '2021-04-18 02:58:19', 'Ingeborg', 'iconstantine2@howstuffworks.com', '4SP8SXxSKFqg', null, null);
insert into users (id, is_moderator, reg_time, name, email, password, code, photo) values (4, 0, '2021-04-13 15:53:55', 'Tessy', 'tlghan3@tamu.edu', 'ehqIDutI1bWL', null, null);
insert into users (id, is_moderator, reg_time, name, email, password, code, photo) values (5, 0, '2021-02-09 02:39:38', 'Amalita', 'awinspur4@skype.com', 'ijdSr5XD', null, null);
insert into users (id, is_moderator, reg_time, name, email, password, code, photo) values (6, 0, '2021-03-20 03:09:24', 'Chane', 'cdutchburn5@linkedin.com', 'sNlF8bFXERbD', null, null);
insert into users (id, is_moderator, reg_time, name, email, password, code, photo) values (7, 0, '2021-05-27 11:49:19', 'Gilda', 'gfingleton6@hc360.com', 'JcrJ4n7ASNt', null, null);
insert into users (id, is_moderator, reg_time, name, email, password, code, photo) values (8, 0, '2021-05-04 18:53:25', 'Fanya', 'fhazlehurst7@quantcast.com', '95nL6jle', null, null);
insert into users (id, is_moderator, reg_time, name, email, password, code, photo) values (9, 0, '2021-05-09 05:49:37', 'Lissy', 'lbarbrook8@house.gov', 'QYOdhAKVGOUa', null, null);
insert into users (id, is_moderator, reg_time, name, email, password, code, photo) values (10, 0, '2021-07-05 16:35:19', 'Jeffie', 'jfarney9@seesaa.net', 'I9MYpTp9WP', null, null);
insert into users (id, is_moderator, reg_time, name, email, password, code, photo) values (11, 1, '2021-06-07 22:37:27', 'Faythe', 'fdenacampa@epa.gov', 'GBZQ7wqjE', null, null);
insert into users (id, is_moderator, reg_time, name, email, password, code, photo) values (12, 0, '2021-01-02 10:54:53', 'Ethel', 'epleyb@bluehost.com', 'LyrrJk6r', null, null);
insert into users (id, is_moderator, reg_time, name, email, password, code, photo) values (13, 0, '2021-01-21 08:40:30', 'Josee', 'jmccuddenc@issuu.com', 'cjKWThGfxH', null, null);
insert into users (id, is_moderator, reg_time, name, email, password, code, photo) values (14, 1, '2021-07-13 21:59:09', 'Moritz', 'mhargravesd@bandcamp.com', 'z1m1gOuJ', null, null);
insert into users (id, is_moderator, reg_time, name, email, password, code, photo) values (15, 1, '2021-03-05 09:45:52', 'Boonie', 'bwoodsforde@soup.io', 'H6DoN21', null, null);
insert into users (id, is_moderator, reg_time, name, email, password, code, photo) values (16, 0, '2021-02-19 09:01:03', 'Reeba', 'rarmigerf@phpbb.com', 'sx1hko3Nd', null, null);
insert into users (id, is_moderator, reg_time, name, email, password, code, photo) values (17, 0, '2021-05-04 00:41:22', 'Mikaela', 'mwesthoffg@dagondesign.com', 'EyGH9k5B8', null, null);
insert into users (id, is_moderator, reg_time, name, email, password, code, photo) values (18, 1, '2021-03-24 08:49:14', 'Edie', 'emelanh@ifeng.com', 'pybUFVHCiU', null, null);
insert into users (id, is_moderator, reg_time, name, email, password, code, photo) values (19, 0, '2021-07-05 12:27:00', 'Isaak', 'ikitchingmani@harvard.edu', 'WTqbZwbv', null, null);
insert into users (id, is_moderator, reg_time, name, email, password, code, photo) values (20, 0, '2021-09-23 20:13:16', 'Simona', 'shaytonj@dailymotion.com', 'u2RMBZ', null, null);

insert into posts (id, is_active, moderation_status, moderator_id, user_id, time, title, text, view_count) values (1, 0, 'NEW', null, 16, '2021-07-24 22:31:52', 'interdum mauris', 'Donec dapibus. Duis at velit eu est congue elementum.', 58);
insert into posts (id, is_active, moderation_status, moderator_id, user_id, time, title, text, view_count) values (2, 1, 'NEW', null, 1, '2020-09-21 11:11:33', 'accumsan tortor quis', 'Quisque ut erat. Curabitur gravida nisi at nibh. In hac habitasse platea dictumst. Aliquam augue quam, sollicitudin vitae, consectetuer eget, rutrum at, lorem. Integer tincidunt ante vel ipsum. Praesent blandit lacinia erat. Vestibulum sed magna at nunc commodo placerat. Praesent blandit.', 20);
insert into posts (id, is_active, moderation_status, moderator_id, user_id, time, title, text, view_count) values (3, 1, 'NEW', null, 15, '2020-11-14 14:20:24', 'justo in', 'Integer aliquet, massa id lobortis convallis, tortor risus dapibus augue, vel accumsan tellus nisi eu orci. Mauris lacinia sapien quis libero.', 94);
insert into posts (id, is_active, moderation_status, moderator_id, user_id, time, title, text, view_count) values (4, 1, 'NEW', null, 17, '2020-09-06 14:39:34', 'donec', 'Integer pede justo, lacinia eget, tincidunt eget, tempus vel, pede. Morbi porttitor lorem id ligula. Suspendisse ornare consequat lectus.', 27);
insert into posts (id, is_active, moderation_status, moderator_id, user_id, time, title, text, view_count) values (5, 0, 'NEW', null, 16, '2021-05-07 22:46:53', 'neque', 'Proin eu mi. Nulla ac enim. In tempor, turpis nec euismod scelerisque, quam turpis adipiscing lorem, vitae mattis nibh ligula nec sem. Duis aliquam convallis nunc.', 94);
insert into posts (id, is_active, moderation_status, moderator_id, user_id, time, title, text, view_count) values (6, 0, 'NEW', null, 17, '2021-02-26 12:41:00', 'in sapien', 'In hac habitasse platea dictumst. Aliquam augue quam, sollicitudin vitae, consectetuer eget, rutrum at, lorem. Integer tincidunt ante vel ipsum. Praesent blandit lacinia erat. Vestibulum sed magna at nunc commodo placerat.', 47);
insert into posts (id, is_active, moderation_status, moderator_id, user_id, time, title, text, view_count) values (7, 0, 'NEW', null, 10, '2020-05-22 13:12:08', 'in eleifend quam', 'Nulla ac enim. In tempor, turpis nec euismod scelerisque, quam turpis adipiscing lorem, vitae mattis nibh ligula nec sem. Duis aliquam convallis nunc. Proin at turpis a pede posuere nonummy. Integer non velit. Donec diam neque, vestibulum eget, vulputate ut, ultrices vel, augue. Vestibulum ante ipsum primis in faucibus orci luctus et ultrices posuere cubilia Curae; Donec pharetra, magna vestibulum aliquet ultrices, erat tortor sollicitudin mi, sit amet lobortis sapien sapien non mi. Integer ac neque. Duis bibendum. Morbi non quam nec dui luctus rutrum.', 20);
insert into posts (id, is_active, moderation_status, moderator_id, user_id, time, title, text, view_count) values (8, 1, 'NEW', null, 7, '2020-02-20 16:28:26', 'praesent blandit lacinia', 'Ut tellus. Nulla ut erat id mauris vulputate elementum. Nullam varius. Nulla facilisi. Cras non velit nec nisi vulputate nonummy.', 44);
insert into posts (id, is_active, moderation_status, moderator_id, user_id, time, title, text, view_count) values (9, 0, 'NEW', null, 11, '2021-03-22 11:38:37', 'justo in blandit', 'Quisque id justo sit amet sapien dignissim vestibulum. Vestibulum ante ipsum primis in faucibus orci luctus et ultrices posuere cubilia Curae; Nulla dapibus dolor vel est. Donec odio justo, sollicitudin ut, suscipit a, feugiat et, eros. Vestibulum ac est lacinia nisi venenatis tristique. Fusce congue, diam id ornare imperdiet, sapien urna pretium nisl, ut volutpat sapien arcu sed augue. Aliquam erat volutpat. In congue. Etiam justo. Etiam pretium iaculis justo.', 79);
insert into posts (id, is_active, moderation_status, moderator_id, user_id, time, title, text, view_count) values (10, 0, 'NEW', null, 9, '2020-05-30 22:50:54', 'in tempus', 'Nam congue, risus semper porta volutpat, quam pede lobortis ligula, sit amet eleifend pede libero quis orci. Nullam molestie nibh in lectus. Pellentesque at nulla. Suspendisse potenti. Cras in purus eu magna vulputate luctus.', 47);
insert into posts (id, is_active, moderation_status, moderator_id, user_id, time, title, text, view_count) values (11, 0, 'NEW', null, 8, '2020-06-18 23:22:09', 'ipsum dolor', 'Integer ac leo.', 52);
insert into posts (id, is_active, moderation_status, moderator_id, user_id, time, title, text, view_count) values (12, 0, 'NEW', null, 8, '2021-07-29 06:50:21', 'vel lectus in', 'Quisque porta volutpat erat. Quisque erat eros, viverra eget, congue eget, semper rutrum, nulla. Nunc purus. Phasellus in felis. Donec semper sapien a libero.', 73);
insert into posts (id, is_active, moderation_status, moderator_id, user_id, time, title, text, view_count) values (13, 0, 'NEW', null, 9, '2020-08-17 01:34:47', 'convallis nunc proin', 'Vestibulum ante ipsum primis in faucibus orci luctus et ultrices posuere cubilia Curae; Nulla dapibus dolor vel est. Donec odio justo, sollicitudin ut, suscipit a, feugiat et, eros. Vestibulum ac est lacinia nisi venenatis tristique. Fusce congue, diam id ornare imperdiet, sapien urna pretium nisl, ut volutpat sapien arcu sed augue. Aliquam erat volutpat.', 6);
insert into posts (id, is_active, moderation_status, moderator_id, user_id, time, title, text, view_count) values (14, 1, 'NEW', null, 13, '2021-08-05 06:47:14', 'duis', 'Duis at velit eu est congue elementum. In hac habitasse platea dictumst. Morbi vestibulum, velit id pretium iaculis, diam erat fermentum justo, nec condimentum neque sapien placerat ante. Nulla justo. Aliquam quis turpis eget elit sodales scelerisque. Mauris sit amet eros. Suspendisse accumsan tortor quis turpis.', 91);
insert into posts (id, is_active, moderation_status, moderator_id, user_id, time, title, text, view_count) values (15, 0, 'NEW', null, 18, '2021-06-27 10:41:36', 'primis in', 'Duis ac nibh. Fusce lacus purus, aliquet at, feugiat non, pretium quis, lectus. Suspendisse potenti. In eleifend quam a odio.', 74);
insert into posts (id, is_active, moderation_status, moderator_id, user_id, time, title, text, view_count) values (16, 1, 'NEW', null, 17, '2020-12-15 06:49:13', 'tellus nulla', 'Integer tincidunt ante vel ipsum. Praesent blandit lacinia erat. Vestibulum sed magna at nunc commodo placerat. Praesent blandit. Nam nulla. Integer pede justo, lacinia eget, tincidunt eget, tempus vel, pede. Morbi porttitor lorem id ligula.', 41);
insert into posts (id, is_active, moderation_status, moderator_id, user_id, time, title, text, view_count) values (17, 0, 'NEW', null, 4, '2021-01-02 22:43:51', 'ut', 'Vestibulum ante ipsum primis in faucibus orci luctus et ultrices posuere cubilia Curae; Nulla dapibus dolor vel est. Donec odio justo, sollicitudin ut, suscipit a, feugiat et, eros. Vestibulum ac est lacinia nisi venenatis tristique. Fusce congue, diam id ornare imperdiet, sapien urna pretium nisl, ut volutpat sapien arcu sed augue. Aliquam erat volutpat. In congue. Etiam justo. Etiam pretium iaculis justo. In hac habitasse platea dictumst. Etiam faucibus cursus urna.', 7);
insert into posts (id, is_active, moderation_status, moderator_id, user_id, time, title, text, view_count) values (18, 0, 'NEW', null, 4, '2021-08-08 03:07:07', 'pretium', 'Phasellus id sapien in sapien iaculis congue.', 33);
insert into posts (id, is_active, moderation_status, moderator_id, user_id, time, title, text, view_count) values (19, 1, 'NEW', null, 16, '2020-06-30 16:15:17', 'sollicitudin', 'Ut tellus.', 46);
insert into posts (id, is_active, moderation_status, moderator_id, user_id, time, title, text, view_count) values (20, 1, 'NEW', null, 12, '2021-09-29 12:19:17', 'sapien', 'Nulla facilisi. Cras non velit nec nisi vulputate nonummy. Maecenas tincidunt lacus at velit. Vivamus vel nulla eget eros elementum pellentesque. Quisque porta volutpat erat. Quisque erat eros, viverra eget, congue eget, semper rutrum, nulla. Nunc purus. Phasellus in felis. Donec semper sapien a libero.', 62);
insert into posts (id, is_active, moderation_status, moderator_id, user_id, time, title, text, view_count) values (21, 0, 'NEW', null, 11, '2020-07-12 15:21:18', 'nonummy integer non', 'Donec posuere metus vitae ipsum.', 96);
insert into posts (id, is_active, moderation_status, moderator_id, user_id, time, title, text, view_count) values (22, 0, 'NEW', null, 7, '2020-03-04 17:35:31', 'enim in', 'Phasellus in felis.', 40);
insert into posts (id, is_active, moderation_status, moderator_id, user_id, time, title, text, view_count) values (23, 0, 'NEW', null, 6, '2021-09-23 08:53:43', 'leo rhoncus sed', 'Morbi non lectus. Aliquam sit amet diam in magna bibendum imperdiet. Nullam orci pede, venenatis non, sodales sed, tincidunt eu, felis. Fusce posuere felis sed lacus. Morbi sem mauris, laoreet ut, rhoncus aliquet, pulvinar sed, nisl. Nunc rhoncus dui vel sem. Sed sagittis. Nam congue, risus semper porta volutpat, quam pede lobortis ligula, sit amet eleifend pede libero quis orci. Nullam molestie nibh in lectus. Pellentesque at nulla.', 58);
insert into posts (id, is_active, moderation_status, moderator_id, user_id, time, title, text, view_count) values (24, 1, 'NEW', null, 13, '2021-03-26 14:46:32', 'nulla', 'Suspendisse ornare consequat lectus. In est risus, auctor sed, tristique in, tempus sit amet, sem. Fusce consequat. Nulla nisl. Nunc nisl. Duis bibendum, felis sed interdum venenatis, turpis enim blandit mi, in porttitor pede justo eu massa. Donec dapibus. Duis at velit eu est congue elementum.', 50);
insert into posts (id, is_active, moderation_status, moderator_id, user_id, time, title, text, view_count) values (25, 1, 'NEW', null, 18, '2021-02-12 10:21:14', 'curabitur at', 'Donec quis orci eget orci vehicula condimentum. Curabitur in libero ut massa volutpat convallis. Morbi odio odio, elementum eu, interdum eu, tincidunt in, leo. Maecenas pulvinar lobortis est.', 33);
insert into posts (id, is_active, moderation_status, moderator_id, user_id, time, title, text, view_count) values (26, 0, 'NEW', null, 12, '2021-04-29 13:16:23', 'dolor', 'Maecenas leo odio, condimentum id, luctus nec, molestie sed, justo.', 85);
insert into posts (id, is_active, moderation_status, moderator_id, user_id, time, title, text, view_count) values (27, 1, 'NEW', null, 14, '2021-09-25 19:03:38', 'pretium', 'Vivamus metus arcu, adipiscing molestie, hendrerit at, vulputate vitae, nisl. Aenean lectus. Pellentesque eget nunc. Donec quis orci eget orci vehicula condimentum.', 76);
insert into posts (id, is_active, moderation_status, moderator_id, user_id, time, title, text, view_count) values (28, 0, 'NEW', null, 7, '2020-03-12 04:14:34', 'faucibus orci luctus', 'Etiam justo. Etiam pretium iaculis justo. In hac habitasse platea dictumst. Etiam faucibus cursus urna. Ut tellus. Nulla ut erat id mauris vulputate elementum. Nullam varius.', 25);
insert into posts (id, is_active, moderation_status, moderator_id, user_id, time, title, text, view_count) values (29, 0, 'NEW', null, 4, '2021-04-26 18:04:26', 'vestibulum', 'Nam dui. Proin leo odio, porttitor id, consequat in, consequat ut, nulla. Sed accumsan felis. Ut at dolor quis odio consequat varius. Integer ac leo. Pellentesque ultrices mattis odio. Donec vitae nisi. Nam ultrices, libero non mattis pulvinar, nulla pede ullamcorper augue, a suscipit nulla elit ac nulla. Sed vel enim sit amet nunc viverra dapibus. Nulla suscipit ligula in lacus.', 37);
insert into posts (id, is_active, moderation_status, moderator_id, user_id, time, title, text, view_count) values (30, 1, 'NEW', null, 15, '2021-08-14 10:56:00', 'neque duis', 'Nam nulla. Integer pede justo, lacinia eget, tincidunt eget, tempus vel, pede. Morbi porttitor lorem id ligula. Suspendisse ornare consequat lectus. In est risus, auctor sed, tristique in, tempus sit amet, sem. Fusce consequat. Nulla nisl. Nunc nisl. Duis bibendum, felis sed interdum venenatis, turpis enim blandit mi, in porttitor pede justo eu massa. Donec dapibus.', 14);

insert into post_votes (id, user_id, post_id, time, value) values (1, 9, 8, '2021-03-06 19:16:52', -1);
insert into post_votes (id, user_id, post_id, time, value) values (2, 15, 28, '2021-04-08 18:39:00', 1);
insert into post_votes (id, user_id, post_id, time, value) values (3, 15, 20, '2021-03-28 02:01:24', -1);
insert into post_votes (id, user_id, post_id, time, value) values (4, 11, 11, '2020-11-14 09:11:32', 1);
insert into post_votes (id, user_id, post_id, time, value) values (5, 20, 26, '2021-05-05 17:11:56', 1);
insert into post_votes (id, user_id, post_id, time, value) values (6, 4, 17, '2021-07-06 02:07:03', 1);
insert into post_votes (id, user_id, post_id, time, value) values (7, 7, 28, '2020-11-28 12:09:52', 1);
insert into post_votes (id, user_id, post_id, time, value) values (8, 18, 2, '2021-01-31 12:05:12', -1);
insert into post_votes (id, user_id, post_id, time, value) values (9, 2, 13, '2021-01-22 07:08:28', 1);
insert into post_votes (id, user_id, post_id, time, value) values (10, 11, 16, '2021-10-15 14:19:50', 1);
insert into post_votes (id, user_id, post_id, time, value) values (11, 2, 16, '2021-02-13 19:22:36', 1);
insert into post_votes (id, user_id, post_id, time, value) values (12, 10, 18, '2021-04-16 06:48:04', 1);
insert into post_votes (id, user_id, post_id, time, value) values (13, 14, 4, '2020-12-25 12:45:42', -1);
insert into post_votes (id, user_id, post_id, time, value) values (14, 11, 6, '2021-01-17 23:31:59', -1);
insert into post_votes (id, user_id, post_id, time, value) values (15, 18, 15, '2021-03-12 10:05:15', -1);
insert into post_votes (id, user_id, post_id, time, value) values (16, 19, 23, '2021-04-22 00:02:59', -1);
insert into post_votes (id, user_id, post_id, time, value) values (17, 18, 14, '2021-05-14 03:02:21', -1);
insert into post_votes (id, user_id, post_id, time, value) values (18, 15, 12, '2021-01-28 00:13:30', -1);
insert into post_votes (id, user_id, post_id, time, value) values (19, 14, 14, '2021-10-21 19:40:57', -1);
insert into post_votes (id, user_id, post_id, time, value) values (20, 19, 14, '2021-10-11 06:39:36', 1);
insert into post_votes (id, user_id, post_id, time, value) values (21, 6, 17, '2021-05-07 20:17:18', -1);
insert into post_votes (id, user_id, post_id, time, value) values (22, 9, 19, '2021-06-16 06:17:00', -1);
insert into post_votes (id, user_id, post_id, time, value) values (23, 15, 24, '2021-01-06 19:30:23', 1);
insert into post_votes (id, user_id, post_id, time, value) values (24, 12, 21, '2021-03-22 21:22:26', 1);
insert into post_votes (id, user_id, post_id, time, value) values (25, 3, 21, '2021-07-08 09:19:48', -1);
insert into post_votes (id, user_id, post_id, time, value) values (26, 19, 12, '2021-10-14 15:18:52', -1);
insert into post_votes (id, user_id, post_id, time, value) values (27, 7, 12, '2021-07-03 20:57:10', -1);
insert into post_votes (id, user_id, post_id, time, value) values (28, 13, 21, '2021-10-17 09:11:03', 1);
insert into post_votes (id, user_id, post_id, time, value) values (29, 7, 5, '2021-04-28 16:46:23', 1);
insert into post_votes (id, user_id, post_id, time, value) values (30, 15, 30, '2020-12-16 16:35:19', 1);
insert into post_votes (id, user_id, post_id, time, value) values (31, 11, 6, '2021-05-07 17:01:03', -1);
insert into post_votes (id, user_id, post_id, time, value) values (32, 4, 1, '2021-08-24 01:47:15', -1);
insert into post_votes (id, user_id, post_id, time, value) values (33, 5, 23, '2021-08-26 06:17:42', 1);
insert into post_votes (id, user_id, post_id, time, value) values (34, 7, 18, '2021-05-24 13:22:18', 1);
insert into post_votes (id, user_id, post_id, time, value) values (35, 19, 23, '2020-10-30 06:24:01', -1);
insert into post_votes (id, user_id, post_id, time, value) values (36, 10, 21, '2021-11-02 21:25:34', 1);
insert into post_votes (id, user_id, post_id, time, value) values (37, 9, 7, '2021-02-14 02:12:18', 1);
insert into post_votes (id, user_id, post_id, time, value) values (38, 17, 24, '2020-12-26 12:43:19', 1);
insert into post_votes (id, user_id, post_id, time, value) values (39, 12, 14, '2021-04-25 14:39:47', -1);
insert into post_votes (id, user_id, post_id, time, value) values (40, 20, 9, '2021-02-25 02:58:17', -1);
insert into post_votes (id, user_id, post_id, time, value) values (41, 17, 28, '2021-04-17 20:32:59', 1);
insert into post_votes (id, user_id, post_id, time, value) values (42, 13, 24, '2021-10-10 09:55:49', -1);
insert into post_votes (id, user_id, post_id, time, value) values (43, 4, 11, '2021-10-30 07:19:06', 1);
insert into post_votes (id, user_id, post_id, time, value) values (44, 6, 16, '2021-01-18 23:55:33', -1);
insert into post_votes (id, user_id, post_id, time, value) values (45, 16, 19, '2021-08-02 14:38:16', -1);
insert into post_votes (id, user_id, post_id, time, value) values (46, 7, 25, '2021-10-07 05:26:37', 1);
insert into post_votes (id, user_id, post_id, time, value) values (47, 14, 16, '2020-12-05 14:47:03', 1);
insert into post_votes (id, user_id, post_id, time, value) values (48, 7, 12, '2021-02-07 02:43:24', 1);
insert into post_votes (id, user_id, post_id, time, value) values (49, 10, 11, '2021-08-11 06:16:14', -1);
insert into post_votes (id, user_id, post_id, time, value) values (50, 12, 13, '2020-12-04 09:35:49', 1);

insert into tags (id, name) values (1, 'rhoncus');
insert into tags (id, name) values (2, 'maecenas');
insert into tags (id, name) values (3, 'dis');
insert into tags (id, name) values (4, 'sit');
insert into tags (id, name) values (5, 'eu');
insert into tags (id, name) values (6, 'volutpat');
insert into tags (id, name) values (7, 'integer');
insert into tags (id, name) values (8, 'iaculis');
insert into tags (id, name) values (9, 'nullam');
insert into tags (id, name) values (10, 'vehicula');

insert into tag2post (id, post_id, tag_id) values (1, 23, 2);
insert into tag2post (id, post_id, tag_id) values (2, 16, 4);
insert into tag2post (id, post_id, tag_id) values (3, 18, 1);
insert into tag2post (id, post_id, tag_id) values (4, 24, 4);
insert into tag2post (id, post_id, tag_id) values (5, 17, 8);
insert into tag2post (id, post_id, tag_id) values (6, 8, 8);
insert into tag2post (id, post_id, tag_id) values (7, 7, 4);
insert into tag2post (id, post_id, tag_id) values (8, 5, 5);
insert into tag2post (id, post_id, tag_id) values (9, 10, 8);
insert into tag2post (id, post_id, tag_id) values (10, 24, 8);

insert into post_comments (id, parent_id, post_id, user_id, time, text) values (1, null, 16, 11, '2021-07-27 06:39:06', 'Etiam pretium iaculis justo.');
insert into post_comments (id, parent_id, post_id, user_id, time, text) values (2, null, 1, 11, '2021-05-22 03:13:42', 'Curabitur gravida nisi at nibh.');
insert into post_comments (id, parent_id, post_id, user_id, time, text) values (3, null, 14, 5, '2020-12-22 13:23:04', 'Quisque arcu libero, rutrum ac, lobortis vel, dapibus at, diam.');
insert into post_comments (id, parent_id, post_id, user_id, time, text) values (4, null, 3, 5, '2021-10-22 08:44:38', 'Pellentesque viverra pede ac diam.');
insert into post_comments (id, parent_id, post_id, user_id, time, text) values (5, null, 29, 7, '2021-02-03 21:22:49', 'Duis at velit eu est congue elementum.');
insert into post_comments (id, parent_id, post_id, user_id, time, text) values (6, null, 5, 4, '2021-04-25 18:09:35', 'Fusce lacus purus, aliquet at, feugiat non, pretium quis, lectus. Suspendisse potenti.');
insert into post_comments (id, parent_id, post_id, user_id, time, text) values (7, null, 9, 7, '2021-03-15 17:55:52', 'In hac habitasse platea dictumst. Maecenas ut massa quis augue luctus tincidunt.');
insert into post_comments (id, parent_id, post_id, user_id, time, text) values (8, null, 13, 9, '2020-11-25 10:11:54', 'In eleifend quam a odio.');
insert into post_comments (id, parent_id, post_id, user_id, time, text) values (9, null, 12, 4, '2021-04-16 04:01:13', 'Donec dapibus. Duis at velit eu est congue elementum.');
insert into post_comments (id, parent_id, post_id, user_id, time, text) values (10, null, 23, 5, '2021-09-07 07:44:39', 'Mauris enim leo, rhoncus sed, vestibulum sit amet, cursus id, turpis.');

insert into captcha_codes (id, time, code, secret_code) values (1, '2021-08-19 16:28:23', 'LXmuc', 'LXmuc');
insert into captcha_codes (id, time, code, secret_code) values (2, '2021-01-17 17:43:22', 'E8UM3', 'E8UM3');
insert into captcha_codes (id, time, code, secret_code) values (3, '2021-07-28 00:32:45', 'dN3jS', 'dN3jS');
insert into captcha_codes (id, time, code, secret_code) values (4, '2021-07-04 23:07:49', 'UqpI9', 'UqpI9');
insert into captcha_codes (id, time, code, secret_code) values (5, '2021-05-28 23:56:49', 'GfNB8', 'GfNB8');
insert into captcha_codes (id, time, code, secret_code) values (6, '2021-03-15 11:26:37', '30kT2', '30kT2');
insert into captcha_codes (id, time, code, secret_code) values (7, '2021-07-30 22:09:20', 'NQmOl', 'NQmOl');
insert into captcha_codes (id, time, code, secret_code) values (8, '2020-11-21 16:48:58', '2tNy1', '2tNy1');
insert into captcha_codes (id, time, code, secret_code) values (9, '2021-07-27 05:00:46', 'qJ0eT', 'qJ0eT');
insert into captcha_codes (id, time, code, secret_code) values (10, '2020-12-01 11:13:34', 'GmqUI', 'GmqUI');

